image_path,image_id,label_id,label_text
imagedata/clear/1.tif,1,0,clear
imagedata/clear/2.tif,2,0,clear
imagedata/clear/3.tif,3,0,clear
imagedata/clear/4.tif,4,0,clear
imagedata/clear/5.tif,5,0,clear
imagedata/clear/6.tif,6,0,clear
imagedata/clear/7.tif,7,0,clear
imagedata/clear/8.tif,8,0,clear
imagedata/clear/9.tif,9,0,clear
imagedata/clear/10.tif,10,0,clear
imagedata/clear/11.tif,11,0,clear
imagedata/clear/12.tif,12,0,clear
imagedata/clear/13.tif,13,0,clear
imagedata/clear/14.tif,14,0,clear
imagedata/clear/15.tif,15,0,clear
imagedata/clear/16.tif,16,0,clear
imagedata/clear/17.tif,17,0,clear
imagedata/clear/18.tif,18,0,clear
imagedata/clear/19.tif,19,0,clear
imagedata/clear/20.tif,20,0,clear
imagedata/clear/21.tif,21,0,clear
imagedata/clear/22.tif,22,0,clear
imagedata/clear/23.tif,23,0,clear
imagedata/clear/24.tif,24,0,clear
imagedata/clear/25.tif,25,0,clear
imagedata/clear/26.tif,26,0,clear
imagedata/clear/27.tif,27,0,clear
imagedata/clear/28.tif,28,0,clear
imagedata/clear/29.tif,29,0,clear
imagedata/clear/30.tif,30,0,clear
imagedata/clear/31.tif,31,0,clear
imagedata/clear/32.tif,32,0,clear
imagedata/clear/33.tif,33,0,clear
imagedata/clear/34.tif,34,0,clear
imagedata/clear/35.tif,35,0,clear
imagedata/clear/36.tif,36,0,clear
imagedata/clear/37.tif,37,0,clear
imagedata/clear/38.tif,38,0,clear
imagedata/clear/39.tif,39,0,clear
imagedata/clear/40.tif,40,0,clear
imagedata/clear/41.tif,41,0,clear
imagedata/clear/42.tif,42,0,clear
imagedata/clear/43.tif,43,0,clear
imagedata/clear/44.tif,44,0,clear
imagedata/clear/45.tif,45,0,clear
imagedata/clear/46.tif,46,0,clear
imagedata/clear/47.tif,47,0,clear
imagedata/clear/48.tif,48,0,clear
imagedata/clear/49.tif,49,0,clear
imagedata/clear/50.tif,50,0,clear
imagedata/clear/51.tif,51,0,clear
imagedata/clear/52.tif,52,0,clear
imagedata/clear/53.tif,53,0,clear
imagedata/clear/54.tif,54,0,clear
imagedata/clear/55.tif,55,0,clear
imagedata/clear/56.tif,56,0,clear
imagedata/clear/57.tif,57,0,clear
imagedata/clear/58.tif,58,0,clear
imagedata/clear/59.tif,59,0,clear
imagedata/clear/60.tif,60,0,clear
imagedata/clear/61.tif,61,0,clear
imagedata/clear/62.tif,62,0,clear
imagedata/clear/63.tif,63,0,clear
imagedata/clear/64.tif,64,0,clear
imagedata/clear/65.tif,65,0,clear
imagedata/clear/66.tif,66,0,clear
imagedata/clear/67.tif,67,0,clear
imagedata/clear/68.tif,68,0,clear
imagedata/clear/69.tif,69,0,clear
imagedata/clear/70.tif,70,0,clear
imagedata/clear/71.tif,71,0,clear
imagedata/clear/72.tif,72,0,clear
imagedata/clear/73.tif,73,0,clear
imagedata/clear/74.tif,74,0,clear
imagedata/clear/75.tif,75,0,clear
imagedata/clear/76.tif,76,0,clear
imagedata/clear/77.tif,77,0,clear
imagedata/clear/78.tif,78,0,clear
imagedata/clear/79.tif,79,0,clear
imagedata/clear/80.tif,80,0,clear
imagedata/clear/81.tif,81,0,clear
imagedata/clear/82.tif,82,0,clear
imagedata/clear/83.tif,83,0,clear
imagedata/clear/84.tif,84,0,clear
imagedata/clear/85.tif,85,0,clear
imagedata/clear/86.tif,86,0,clear
imagedata/clear/87.tif,87,0,clear
imagedata/clear/88.tif,88,0,clear
imagedata/clear/89.tif,89,0,clear
imagedata/clear/90.tif,90,0,clear
imagedata/clear/91.tif,91,0,clear
imagedata/clear/92.tif,92,0,clear
imagedata/clear/93.tif,93,0,clear
imagedata/clear/94.tif,94,0,clear
imagedata/clear/95.tif,95,0,clear
imagedata/clear/96.tif,96,0,clear
imagedata/clear/97.tif,97,0,clear
imagedata/clear/98.tif,98,0,clear
imagedata/clear/99.tif,99,0,clear
imagedata/clear/100.tif,100,0,clear
imagedata/clear/101.tif,101,0,clear
imagedata/clear/102.tif,102,0,clear
imagedata/clear/103.tif,103,0,clear
imagedata/clear/104.tif,104,0,clear
imagedata/clear/105.tif,105,0,clear
imagedata/clear/106.tif,106,0,clear
imagedata/clear/107.tif,107,0,clear
imagedata/clear/108.tif,108,0,clear
imagedata/clear/109.tif,109,0,clear
imagedata/clear/110.tif,110,0,clear
imagedata/clear/111.tif,111,0,clear
imagedata/clear/112.tif,112,0,clear
imagedata/clear/113.tif,113,0,clear
imagedata/clear/114.tif,114,0,clear
imagedata/clear/115.tif,115,0,clear
imagedata/clear/116.tif,116,0,clear
imagedata/clear/117.tif,117,0,clear
imagedata/clear/118.tif,118,0,clear
imagedata/clear/119.tif,119,0,clear
imagedata/clear/120.tif,120,0,clear
imagedata/clear/121.tif,121,0,clear
imagedata/clear/122.tif,122,0,clear
imagedata/clear/123.tif,123,0,clear
imagedata/clear/124.tif,124,0,clear
imagedata/clear/125.tif,125,0,clear
imagedata/clear/126.tif,126,0,clear
imagedata/clear/127.tif,127,0,clear
imagedata/clear/128.tif,128,0,clear
imagedata/clear/129.tif,129,0,clear
imagedata/clear/130.tif,130,0,clear
imagedata/clear/131.tif,131,0,clear
imagedata/clear/132.tif,132,0,clear
imagedata/clear/133.tif,133,0,clear
imagedata/clear/134.tif,134,0,clear
imagedata/clear/135.tif,135,0,clear
imagedata/clear/136.tif,136,0,clear
imagedata/clear/137.tif,137,0,clear
imagedata/clear/138.tif,138,0,clear
imagedata/clear/139.tif,139,0,clear
imagedata/clear/140.tif,140,0,clear
imagedata/clear/141.tif,141,0,clear
imagedata/clear/142.tif,142,0,clear
imagedata/clear/143.tif,143,0,clear
imagedata/clear/144.tif,144,0,clear
imagedata/clear/145.tif,145,0,clear
imagedata/clear/146.tif,146,0,clear
imagedata/clear/147.tif,147,0,clear
imagedata/clear/148.tif,148,0,clear
imagedata/clear/149.tif,149,0,clear
imagedata/clear/150.tif,150,0,clear
imagedata/clear/151.tif,151,0,clear
imagedata/clear/152.tif,152,0,clear
imagedata/clear/153.tif,153,0,clear
imagedata/clear/154.tif,154,0,clear
imagedata/clear/155.tif,155,0,clear
imagedata/clear/156.tif,156,0,clear
imagedata/clear/157.tif,157,0,clear
imagedata/clear/158.tif,158,0,clear
imagedata/clear/159.tif,159,0,clear
imagedata/clear/160.tif,160,0,clear
imagedata/clear/161.tif,161,0,clear
imagedata/clear/162.tif,162,0,clear
imagedata/clear/163.tif,163,0,clear
imagedata/clear/164.tif,164,0,clear
imagedata/clear/165.tif,165,0,clear
imagedata/clear/166.tif,166,0,clear
imagedata/clear/167.tif,167,0,clear
imagedata/clear/168.tif,168,0,clear
imagedata/clear/169.tif,169,0,clear
imagedata/clear/170.tif,170,0,clear
imagedata/clear/171.tif,171,0,clear
imagedata/clear/172.tif,172,0,clear
imagedata/clear/173.tif,173,0,clear
imagedata/clear/174.tif,174,0,clear
imagedata/clear/175.tif,175,0,clear
imagedata/clear/176.tif,176,0,clear
imagedata/clear/177.tif,177,0,clear
imagedata/clear/178.tif,178,0,clear
imagedata/clear/179.tif,179,0,clear
imagedata/clear/180.tif,180,0,clear
imagedata/clear/181.tif,181,0,clear
imagedata/clear/182.tif,182,0,clear
imagedata/clear/183.tif,183,0,clear
imagedata/clear/184.tif,184,0,clear
imagedata/clear/185.tif,185,0,clear
imagedata/clear/186.tif,186,0,clear
imagedata/clear/187.tif,187,0,clear
imagedata/clear/188.tif,188,0,clear
imagedata/clear/189.tif,189,0,clear
imagedata/clear/190.tif,190,0,clear
imagedata/clear/191.tif,191,0,clear
imagedata/clear/192.tif,192,0,clear
imagedata/clear/193.tif,193,0,clear
imagedata/clear/194.tif,194,0,clear
imagedata/clear/195.tif,195,0,clear
imagedata/clear/196.tif,196,0,clear
imagedata/clear/197.tif,197,0,clear
imagedata/clear/198.tif,198,0,clear
imagedata/clear/199.tif,199,0,clear
imagedata/clear/200.tif,200,0,clear
imagedata/clear/201.tif,201,0,clear
imagedata/clear/202.tif,202,0,clear
imagedata/clear/203.tif,203,0,clear
imagedata/clear/204.tif,204,0,clear
imagedata/clear/205.tif,205,0,clear
imagedata/clear/206.tif,206,0,clear
imagedata/clear/207.tif,207,0,clear
imagedata/clear/208.tif,208,0,clear
imagedata/clear/209.tif,209,0,clear
imagedata/clear/210.tif,210,0,clear
imagedata/clear/211.tif,211,0,clear
imagedata/clear/212.tif,212,0,clear
imagedata/clear/213.tif,213,0,clear
imagedata/clear/214.tif,214,0,clear
imagedata/clear/215.tif,215,0,clear
imagedata/clear/216.tif,216,0,clear
imagedata/clear/217.tif,217,0,clear
imagedata/clear/218.tif,218,0,clear
imagedata/clear/219.tif,219,0,clear
imagedata/clear/220.tif,220,0,clear
imagedata/clear/221.tif,221,0,clear
imagedata/clear/222.tif,222,0,clear
imagedata/clear/223.tif,223,0,clear
imagedata/clear/224.tif,224,0,clear
imagedata/clear/225.tif,225,0,clear
imagedata/clear/226.tif,226,0,clear
imagedata/clear/227.tif,227,0,clear
imagedata/clear/228.tif,228,0,clear
imagedata/clear/229.tif,229,0,clear
imagedata/clear/230.tif,230,0,clear
imagedata/clear/231.tif,231,0,clear
imagedata/clear/232.tif,232,0,clear
imagedata/clear/233.tif,233,0,clear
imagedata/clear/234.tif,234,0,clear
imagedata/clear/235.tif,235,0,clear
imagedata/clear/236.tif,236,0,clear
imagedata/clear/237.tif,237,0,clear
imagedata/clear/238.tif,238,0,clear
imagedata/clear/239.tif,239,0,clear
imagedata/clear/240.tif,240,0,clear
imagedata/clear/241.tif,241,0,clear
imagedata/clear/242.tif,242,0,clear
imagedata/clear/243.tif,243,0,clear
imagedata/clear/244.tif,244,0,clear
imagedata/clear/245.tif,245,0,clear
imagedata/clear/246.tif,246,0,clear
imagedata/clear/247.tif,247,0,clear
imagedata/clear/248.tif,248,0,clear
imagedata/clear/249.tif,249,0,clear
imagedata/clear/250.tif,250,0,clear
imagedata/clear/251.tif,251,0,clear
imagedata/clear/252.tif,252,0,clear
imagedata/clear/253.tif,253,0,clear
imagedata/clear/254.tif,254,0,clear
imagedata/clear/255.tif,255,0,clear
imagedata/clear/256.tif,256,0,clear
imagedata/clear/257.tif,257,0,clear
imagedata/clear/258.tif,258,0,clear
imagedata/clear/259.tif,259,0,clear
imagedata/clear/260.tif,260,0,clear
imagedata/clear/261.tif,261,0,clear
imagedata/clear/262.tif,262,0,clear
imagedata/clear/263.tif,263,0,clear
imagedata/clear/264.tif,264,0,clear
imagedata/clear/265.tif,265,0,clear
imagedata/clear/266.tif,266,0,clear
imagedata/clear/267.tif,267,0,clear
imagedata/clear/268.tif,268,0,clear
imagedata/clear/269.tif,269,0,clear
imagedata/clear/270.tif,270,0,clear
imagedata/clear/271.tif,271,0,clear
imagedata/clear/272.tif,272,0,clear
imagedata/clear/273.tif,273,0,clear
imagedata/clear/274.tif,274,0,clear
imagedata/clear/275.tif,275,0,clear
imagedata/clear/276.tif,276,0,clear
imagedata/clear/277.tif,277,0,clear
imagedata/clear/278.tif,278,0,clear
imagedata/clear/279.tif,279,0,clear
imagedata/clear/280.tif,280,0,clear
imagedata/clear/281.tif,281,0,clear
imagedata/clear/282.tif,282,0,clear
imagedata/clear/283.tif,283,0,clear
imagedata/clear/284.tif,284,0,clear
imagedata/clear/285.tif,285,0,clear
imagedata/clear/286.tif,286,0,clear
imagedata/clear/287.tif,287,0,clear
imagedata/clear/288.tif,288,0,clear
imagedata/clear/289.tif,289,0,clear
imagedata/clear/290.tif,290,0,clear
imagedata/clear/291.tif,291,0,clear
imagedata/clear/292.tif,292,0,clear
imagedata/clear/293.tif,293,0,clear
imagedata/clear/294.tif,294,0,clear
imagedata/clear/295.tif,295,0,clear
imagedata/clear/296.tif,296,0,clear
imagedata/clear/297.tif,297,0,clear
imagedata/clear/298.tif,298,0,clear
imagedata/clear/299.tif,299,0,clear
imagedata/clear/300.tif,300,0,clear
imagedata/clear/301.tif,301,0,clear
imagedata/clear/302.tif,302,0,clear
imagedata/clear/303.tif,303,0,clear
imagedata/clear/304.tif,304,0,clear
imagedata/clear/305.tif,305,0,clear
imagedata/clear/306.tif,306,0,clear
imagedata/clear/307.tif,307,0,clear
imagedata/clear/308.tif,308,0,clear
imagedata/clear/309.tif,309,0,clear
imagedata/clear/310.tif,310,0,clear
imagedata/clear/311.tif,311,0,clear
imagedata/clear/312.tif,312,0,clear
imagedata/clear/313.tif,313,0,clear
imagedata/clear/314.tif,314,0,clear
imagedata/clear/315.tif,315,0,clear
imagedata/clear/316.tif,316,0,clear
imagedata/clear/317.tif,317,0,clear
imagedata/clear/318.tif,318,0,clear
imagedata/clear/319.tif,319,0,clear
imagedata/clear/320.tif,320,0,clear
imagedata/clear/321.tif,321,0,clear
imagedata/clear/322.tif,322,0,clear
imagedata/clear/323.tif,323,0,clear
imagedata/clear/324.tif,324,0,clear
imagedata/clear/325.tif,325,0,clear
imagedata/clear/326.tif,326,0,clear
imagedata/clear/327.tif,327,0,clear
imagedata/clear/328.tif,328,0,clear
imagedata/clear/329.tif,329,0,clear
imagedata/clear/330.tif,330,0,clear
imagedata/clear/331.tif,331,0,clear
imagedata/clear/332.tif,332,0,clear
imagedata/clear/333.tif,333,0,clear
imagedata/clear/334.tif,334,0,clear
imagedata/clear/335.tif,335,0,clear
imagedata/clear/336.tif,336,0,clear
imagedata/clear/337.tif,337,0,clear
imagedata/clear/338.tif,338,0,clear
imagedata/clear/339.tif,339,0,clear
imagedata/clear/340.tif,340,0,clear
imagedata/clear/341.tif,341,0,clear
imagedata/clear/342.tif,342,0,clear
imagedata/clear/343.tif,343,0,clear
imagedata/clear/344.tif,344,0,clear
imagedata/clear/345.tif,345,0,clear
imagedata/clear/346.tif,346,0,clear
imagedata/clear/347.tif,347,0,clear
imagedata/clear/348.tif,348,0,clear
imagedata/clear/349.tif,349,0,clear
imagedata/clear/350.tif,350,0,clear
imagedata/clear/351.tif,351,0,clear
imagedata/clear/352.tif,352,0,clear
imagedata/clear/353.tif,353,0,clear
imagedata/clear/354.tif,354,0,clear
imagedata/clear/355.tif,355,0,clear
imagedata/clear/356.tif,356,0,clear
imagedata/clear/357.tif,357,0,clear
imagedata/clear/358.tif,358,0,clear
imagedata/clear/359.tif,359,0,clear
imagedata/clear/360.tif,360,0,clear
imagedata/clear/361.tif,361,0,clear
imagedata/clear/362.tif,362,0,clear
imagedata/clear/363.tif,363,0,clear
imagedata/clear/364.tif,364,0,clear
imagedata/clear/365.tif,365,0,clear
imagedata/clear/366.tif,366,0,clear
imagedata/clear/367.tif,367,0,clear
imagedata/clear/368.tif,368,0,clear
imagedata/clear/369.tif,369,0,clear
imagedata/clear/370.tif,370,0,clear
imagedata/clear/371.tif,371,0,clear
imagedata/clear/372.tif,372,0,clear
imagedata/clear/373.tif,373,0,clear
imagedata/clear/374.tif,374,0,clear
imagedata/clear/375.tif,375,0,clear
imagedata/clear/376.tif,376,0,clear
imagedata/clear/377.tif,377,0,clear
imagedata/clear/378.tif,378,0,clear
imagedata/clear/379.tif,379,0,clear
imagedata/clear/380.tif,380,0,clear
imagedata/clear/381.tif,381,0,clear
imagedata/clear/382.tif,382,0,clear
imagedata/clear/383.tif,383,0,clear
imagedata/clear/384.tif,384,0,clear
imagedata/clear/385.tif,385,0,clear
imagedata/clear/386.tif,386,0,clear
imagedata/clear/387.tif,387,0,clear
imagedata/clear/388.tif,388,0,clear
imagedata/clear/389.tif,389,0,clear
imagedata/clear/390.tif,390,0,clear
imagedata/clear/391.tif,391,0,clear
imagedata/clear/392.tif,392,0,clear
imagedata/clear/393.tif,393,0,clear
imagedata/clear/394.tif,394,0,clear
imagedata/clear/395.tif,395,0,clear
imagedata/clear/396.tif,396,0,clear
imagedata/clear/397.tif,397,0,clear
imagedata/clear/398.tif,398,0,clear
imagedata/clear/399.tif,399,0,clear
imagedata/clear/400.tif,400,0,clear
imagedata/clear/401.tif,401,0,clear
imagedata/clear/402.tif,402,0,clear
imagedata/clear/403.tif,403,0,clear
imagedata/clear/404.tif,404,0,clear
imagedata/clear/405.tif,405,0,clear
imagedata/clear/406.tif,406,0,clear
imagedata/clear/407.tif,407,0,clear
imagedata/clear/408.tif,408,0,clear
imagedata/clear/409.tif,409,0,clear
imagedata/clear/410.tif,410,0,clear
imagedata/clear/411.tif,411,0,clear
imagedata/clear/412.tif,412,0,clear
imagedata/clear/413.tif,413,0,clear
imagedata/clear/414.tif,414,0,clear
imagedata/clear/415.tif,415,0,clear
imagedata/clear/416.tif,416,0,clear
imagedata/clear/417.tif,417,0,clear
imagedata/clear/418.tif,418,0,clear
imagedata/clear/419.tif,419,0,clear
imagedata/clear/420.tif,420,0,clear
imagedata/clear/421.tif,421,0,clear
imagedata/clear/422.tif,422,0,clear
imagedata/clear/423.tif,423,0,clear
imagedata/clear/424.tif,424,0,clear
imagedata/clear/425.tif,425,0,clear
imagedata/clear/426.tif,426,0,clear
imagedata/clear/427.tif,427,0,clear
imagedata/clear/428.tif,428,0,clear
imagedata/clear/429.tif,429,0,clear
imagedata/clear/430.tif,430,0,clear
imagedata/clear/431.tif,431,0,clear
imagedata/clear/432.tif,432,0,clear
imagedata/clear/433.tif,433,0,clear
imagedata/clear/434.tif,434,0,clear
imagedata/clear/435.tif,435,0,clear
imagedata/clear/436.tif,436,0,clear
imagedata/clear/437.tif,437,0,clear
imagedata/clear/438.tif,438,0,clear
imagedata/clear/439.tif,439,0,clear
imagedata/clear/440.tif,440,0,clear
imagedata/clear/441.tif,441,0,clear
imagedata/clear/442.tif,442,0,clear
imagedata/clear/443.tif,443,0,clear
imagedata/clear/444.tif,444,0,clear
imagedata/clear/445.tif,445,0,clear
imagedata/clear/446.tif,446,0,clear
imagedata/clear/447.tif,447,0,clear
imagedata/clear/448.tif,448,0,clear
imagedata/clear/449.tif,449,0,clear
imagedata/clear/450.tif,450,0,clear
imagedata/clear/451.tif,451,0,clear
imagedata/clear/452.tif,452,0,clear
imagedata/clear/453.tif,453,0,clear
imagedata/clear/454.tif,454,0,clear
imagedata/clear/455.tif,455,0,clear
imagedata/clear/456.tif,456,0,clear
imagedata/clear/457.tif,457,0,clear
imagedata/clear/458.tif,458,0,clear
imagedata/clear/459.tif,459,0,clear
imagedata/clear/460.tif,460,0,clear
imagedata/clear/461.tif,461,0,clear
imagedata/clear/462.tif,462,0,clear
imagedata/clear/463.tif,463,0,clear
imagedata/clear/464.tif,464,0,clear
imagedata/clear/465.tif,465,0,clear
imagedata/clear/466.tif,466,0,clear
imagedata/clear/467.tif,467,0,clear
imagedata/clear/468.tif,468,0,clear
imagedata/clear/469.tif,469,0,clear
imagedata/clear/470.tif,470,0,clear
imagedata/clear/471.tif,471,0,clear
imagedata/clear/472.tif,472,0,clear
imagedata/clear/473.tif,473,0,clear
imagedata/clear/474.tif,474,0,clear
imagedata/clear/475.tif,475,0,clear
imagedata/clear/476.tif,476,0,clear
imagedata/clear/477.tif,477,0,clear
imagedata/clear/478.tif,478,0,clear
imagedata/clear/479.tif,479,0,clear
imagedata/clear/480.tif,480,0,clear
imagedata/clear/481.tif,481,0,clear
imagedata/clear/482.tif,482,0,clear
imagedata/clear/483.tif,483,0,clear
imagedata/clear/484.tif,484,0,clear
imagedata/clear/485.tif,485,0,clear
imagedata/clear/486.tif,486,0,clear
imagedata/clear/487.tif,487,0,clear
imagedata/clear/488.tif,488,0,clear
imagedata/clear/489.tif,489,0,clear
imagedata/clear/490.tif,490,0,clear
imagedata/clear/491.tif,491,0,clear
imagedata/clear/492.tif,492,0,clear
imagedata/clear/493.tif,493,0,clear
imagedata/clear/494.tif,494,0,clear
imagedata/clear/495.tif,495,0,clear
imagedata/clear/496.tif,496,0,clear
imagedata/clear/497.tif,497,0,clear
imagedata/clear/498.tif,498,0,clear
imagedata/clear/499.tif,499,0,clear
imagedata/clear/500.tif,500,0,clear
imagedata/blur/1.tif,1,1,blur
imagedata/blur/2.tif,2,1,blur
imagedata/blur/3.tif,3,1,blur
imagedata/blur/4.tif,4,1,blur
imagedata/blur/5.tif,5,1,blur
imagedata/blur/6.tif,6,1,blur
imagedata/blur/7.tif,7,1,blur
imagedata/blur/8.tif,8,1,blur
imagedata/blur/9.tif,9,1,blur
imagedata/blur/10.tif,10,1,blur
imagedata/blur/11.tif,11,1,blur
imagedata/blur/12.tif,12,1,blur
imagedata/blur/13.tif,13,1,blur
imagedata/blur/14.tif,14,1,blur
imagedata/blur/15.tif,15,1,blur
imagedata/blur/16.tif,16,1,blur
imagedata/blur/17.tif,17,1,blur
imagedata/blur/18.tif,18,1,blur
imagedata/blur/19.tif,19,1,blur
imagedata/blur/20.tif,20,1,blur
imagedata/blur/21.tif,21,1,blur
imagedata/blur/22.tif,22,1,blur
imagedata/blur/23.tif,23,1,blur
imagedata/blur/24.tif,24,1,blur
imagedata/blur/25.tif,25,1,blur
imagedata/blur/26.tif,26,1,blur
imagedata/blur/27.tif,27,1,blur
imagedata/blur/28.tif,28,1,blur
imagedata/blur/29.tif,29,1,blur
imagedata/blur/30.tif,30,1,blur
imagedata/blur/31.tif,31,1,blur
imagedata/blur/32.tif,32,1,blur
imagedata/blur/33.tif,33,1,blur
imagedata/blur/34.tif,34,1,blur
imagedata/blur/35.tif,35,1,blur
imagedata/blur/36.tif,36,1,blur
imagedata/blur/37.tif,37,1,blur
imagedata/blur/38.tif,38,1,blur
imagedata/blur/39.tif,39,1,blur
imagedata/blur/40.tif,40,1,blur
imagedata/blur/41.tif,41,1,blur
imagedata/blur/42.tif,42,1,blur
imagedata/blur/43.tif,43,1,blur
imagedata/blur/44.tif,44,1,blur
imagedata/blur/45.tif,45,1,blur
imagedata/blur/46.tif,46,1,blur
imagedata/blur/47.tif,47,1,blur
imagedata/blur/48.tif,48,1,blur
imagedata/blur/49.tif,49,1,blur
imagedata/blur/50.tif,50,1,blur
imagedata/blur/51.tif,51,1,blur
imagedata/blur/52.tif,52,1,blur
imagedata/blur/53.tif,53,1,blur
imagedata/blur/54.tif,54,1,blur
imagedata/blur/55.tif,55,1,blur
imagedata/blur/56.tif,56,1,blur
imagedata/blur/57.tif,57,1,blur
imagedata/blur/58.tif,58,1,blur
imagedata/blur/59.tif,59,1,blur
imagedata/blur/60.tif,60,1,blur
imagedata/blur/61.tif,61,1,blur
imagedata/blur/62.tif,62,1,blur
imagedata/blur/63.tif,63,1,blur
imagedata/blur/64.tif,64,1,blur
imagedata/blur/65.tif,65,1,blur
imagedata/blur/66.tif,66,1,blur
imagedata/blur/67.tif,67,1,blur
imagedata/blur/68.tif,68,1,blur
imagedata/blur/69.tif,69,1,blur
imagedata/blur/70.tif,70,1,blur
imagedata/blur/71.tif,71,1,blur
imagedata/blur/72.tif,72,1,blur
imagedata/blur/73.tif,73,1,blur
imagedata/blur/74.tif,74,1,blur
imagedata/blur/75.tif,75,1,blur
imagedata/blur/76.tif,76,1,blur
imagedata/blur/77.tif,77,1,blur
imagedata/blur/78.tif,78,1,blur
imagedata/blur/79.tif,79,1,blur
imagedata/blur/80.tif,80,1,blur
imagedata/blur/81.tif,81,1,blur
imagedata/blur/82.tif,82,1,blur
imagedata/blur/83.tif,83,1,blur
imagedata/blur/84.tif,84,1,blur
imagedata/blur/85.tif,85,1,blur
imagedata/blur/86.tif,86,1,blur
imagedata/blur/87.tif,87,1,blur
imagedata/blur/88.tif,88,1,blur
imagedata/blur/89.tif,89,1,blur
imagedata/blur/90.tif,90,1,blur
imagedata/blur/91.tif,91,1,blur
imagedata/blur/92.tif,92,1,blur
imagedata/blur/93.tif,93,1,blur
imagedata/blur/94.tif,94,1,blur
imagedata/blur/95.tif,95,1,blur
imagedata/blur/96.tif,96,1,blur
imagedata/blur/97.tif,97,1,blur
imagedata/blur/98.tif,98,1,blur
imagedata/blur/99.tif,99,1,blur
imagedata/blur/100.tif,100,1,blur
imagedata/blur/101.tif,101,1,blur
imagedata/blur/102.tif,102,1,blur
imagedata/blur/103.tif,103,1,blur
imagedata/blur/104.tif,104,1,blur
imagedata/blur/105.tif,105,1,blur
imagedata/blur/106.tif,106,1,blur
imagedata/blur/107.tif,107,1,blur
imagedata/blur/108.tif,108,1,blur
imagedata/blur/109.tif,109,1,blur
imagedata/blur/110.tif,110,1,blur
imagedata/blur/111.tif,111,1,blur
imagedata/blur/112.tif,112,1,blur
imagedata/blur/113.tif,113,1,blur
imagedata/blur/114.tif,114,1,blur
imagedata/blur/115.tif,115,1,blur
imagedata/blur/116.tif,116,1,blur
imagedata/blur/117.tif,117,1,blur
imagedata/blur/118.tif,118,1,blur
imagedata/blur/119.tif,119,1,blur
imagedata/blur/120.tif,120,1,blur
imagedata/blur/121.tif,121,1,blur
imagedata/blur/122.tif,122,1,blur
imagedata/blur/123.tif,123,1,blur
imagedata/blur/124.tif,124,1,blur
imagedata/blur/125.tif,125,1,blur
imagedata/blur/126.tif,126,1,blur
imagedata/blur/127.tif,127,1,blur
imagedata/blur/128.tif,128,1,blur
imagedata/blur/129.tif,129,1,blur
imagedata/blur/130.tif,130,1,blur
imagedata/blur/131.tif,131,1,blur
imagedata/blur/132.tif,132,1,blur
imagedata/blur/133.tif,133,1,blur
imagedata/blur/134.tif,134,1,blur
imagedata/blur/135.tif,135,1,blur
imagedata/blur/136.tif,136,1,blur
imagedata/blur/137.tif,137,1,blur
imagedata/blur/138.tif,138,1,blur
imagedata/blur/139.tif,139,1,blur
imagedata/blur/140.tif,140,1,blur
imagedata/blur/141.tif,141,1,blur
imagedata/blur/142.tif,142,1,blur
imagedata/blur/143.tif,143,1,blur
imagedata/blur/144.tif,144,1,blur
imagedata/blur/145.tif,145,1,blur
imagedata/blur/146.tif,146,1,blur
imagedata/blur/147.tif,147,1,blur
imagedata/blur/148.tif,148,1,blur
imagedata/blur/149.tif,149,1,blur
imagedata/blur/150.tif,150,1,blur
imagedata/blur/151.tif,151,1,blur
imagedata/blur/152.tif,152,1,blur
imagedata/blur/153.tif,153,1,blur
imagedata/blur/154.tif,154,1,blur
imagedata/blur/155.tif,155,1,blur
imagedata/blur/156.tif,156,1,blur
imagedata/blur/157.tif,157,1,blur
imagedata/blur/158.tif,158,1,blur
imagedata/blur/159.tif,159,1,blur
imagedata/blur/160.tif,160,1,blur
imagedata/blur/161.tif,161,1,blur
imagedata/blur/162.tif,162,1,blur
imagedata/blur/163.tif,163,1,blur
imagedata/blur/164.tif,164,1,blur
imagedata/blur/165.tif,165,1,blur
imagedata/blur/166.tif,166,1,blur
imagedata/blur/167.tif,167,1,blur
imagedata/blur/168.tif,168,1,blur
imagedata/blur/169.tif,169,1,blur
imagedata/blur/170.tif,170,1,blur
imagedata/blur/171.tif,171,1,blur
imagedata/blur/172.tif,172,1,blur
imagedata/blur/173.tif,173,1,blur
imagedata/blur/174.tif,174,1,blur
imagedata/blur/175.tif,175,1,blur
imagedata/blur/176.tif,176,1,blur
imagedata/blur/177.tif,177,1,blur
imagedata/blur/178.tif,178,1,blur
imagedata/blur/179.tif,179,1,blur
imagedata/blur/180.tif,180,1,blur
imagedata/blur/181.tif,181,1,blur
imagedata/blur/182.tif,182,1,blur
imagedata/blur/183.tif,183,1,blur
imagedata/blur/184.tif,184,1,blur
imagedata/blur/185.tif,185,1,blur
imagedata/blur/186.tif,186,1,blur
imagedata/blur/187.tif,187,1,blur
imagedata/blur/188.tif,188,1,blur
imagedata/blur/189.tif,189,1,blur
imagedata/blur/190.tif,190,1,blur
imagedata/blur/191.tif,191,1,blur
imagedata/blur/192.tif,192,1,blur
imagedata/blur/193.tif,193,1,blur
imagedata/blur/194.tif,194,1,blur
imagedata/blur/195.tif,195,1,blur
imagedata/blur/196.tif,196,1,blur
imagedata/blur/197.tif,197,1,blur
imagedata/blur/198.tif,198,1,blur
imagedata/blur/199.tif,199,1,blur
imagedata/blur/200.tif,200,1,blur
imagedata/blur/201.tif,201,1,blur
imagedata/blur/202.tif,202,1,blur
imagedata/blur/203.tif,203,1,blur
imagedata/blur/204.tif,204,1,blur
imagedata/blur/205.tif,205,1,blur
imagedata/blur/206.tif,206,1,blur
imagedata/blur/207.tif,207,1,blur
imagedata/blur/208.tif,208,1,blur
imagedata/blur/209.tif,209,1,blur
imagedata/blur/210.tif,210,1,blur
imagedata/blur/211.tif,211,1,blur
imagedata/blur/212.tif,212,1,blur
imagedata/blur/213.tif,213,1,blur
imagedata/blur/214.tif,214,1,blur
imagedata/blur/215.tif,215,1,blur
imagedata/blur/216.tif,216,1,blur
imagedata/blur/217.tif,217,1,blur
imagedata/blur/218.tif,218,1,blur
imagedata/blur/219.tif,219,1,blur
imagedata/blur/220.tif,220,1,blur
imagedata/blur/221.tif,221,1,blur
imagedata/blur/222.tif,222,1,blur
imagedata/blur/223.tif,223,1,blur
imagedata/blur/224.tif,224,1,blur
imagedata/blur/225.tif,225,1,blur
imagedata/blur/226.tif,226,1,blur
imagedata/blur/227.tif,227,1,blur
imagedata/blur/228.tif,228,1,blur
imagedata/blur/229.tif,229,1,blur
imagedata/blur/230.tif,230,1,blur
imagedata/blur/231.tif,231,1,blur
imagedata/blur/232.tif,232,1,blur
imagedata/blur/233.tif,233,1,blur
imagedata/blur/234.tif,234,1,blur
imagedata/blur/235.tif,235,1,blur
imagedata/blur/236.tif,236,1,blur
imagedata/blur/237.tif,237,1,blur
imagedata/blur/238.tif,238,1,blur
imagedata/blur/239.tif,239,1,blur
imagedata/blur/240.tif,240,1,blur
imagedata/blur/241.tif,241,1,blur
imagedata/blur/242.tif,242,1,blur
imagedata/blur/243.tif,243,1,blur
imagedata/blur/244.tif,244,1,blur
imagedata/blur/245.tif,245,1,blur
imagedata/blur/246.tif,246,1,blur
imagedata/blur/247.tif,247,1,blur
imagedata/blur/248.tif,248,1,blur
imagedata/blur/249.tif,249,1,blur
imagedata/blur/250.tif,250,1,blur
imagedata/blur/251.tif,251,1,blur
imagedata/blur/252.tif,252,1,blur
imagedata/blur/253.tif,253,1,blur
imagedata/blur/254.tif,254,1,blur
imagedata/blur/255.tif,255,1,blur
imagedata/blur/256.tif,256,1,blur
imagedata/blur/257.tif,257,1,blur
imagedata/blur/258.tif,258,1,blur
imagedata/blur/259.tif,259,1,blur
imagedata/blur/260.tif,260,1,blur
imagedata/blur/261.tif,261,1,blur
imagedata/blur/262.tif,262,1,blur
imagedata/blur/263.tif,263,1,blur
imagedata/blur/264.tif,264,1,blur
imagedata/blur/265.tif,265,1,blur
imagedata/blur/266.tif,266,1,blur
imagedata/blur/267.tif,267,1,blur
imagedata/blur/268.tif,268,1,blur
imagedata/blur/269.tif,269,1,blur
imagedata/blur/270.tif,270,1,blur
imagedata/blur/271.tif,271,1,blur
imagedata/blur/272.tif,272,1,blur
imagedata/blur/273.tif,273,1,blur
imagedata/blur/274.tif,274,1,blur
imagedata/blur/275.tif,275,1,blur
imagedata/blur/276.tif,276,1,blur
imagedata/blur/277.tif,277,1,blur
imagedata/blur/278.tif,278,1,blur
imagedata/blur/279.tif,279,1,blur
imagedata/blur/280.tif,280,1,blur
imagedata/blur/281.tif,281,1,blur
imagedata/blur/282.tif,282,1,blur
imagedata/blur/283.tif,283,1,blur
imagedata/blur/284.tif,284,1,blur
imagedata/blur/285.tif,285,1,blur
imagedata/blur/286.tif,286,1,blur
imagedata/blur/287.tif,287,1,blur
imagedata/blur/288.tif,288,1,blur
imagedata/blur/289.tif,289,1,blur
imagedata/blur/290.tif,290,1,blur
imagedata/blur/291.tif,291,1,blur
imagedata/blur/292.tif,292,1,blur
imagedata/blur/293.tif,293,1,blur
imagedata/blur/294.tif,294,1,blur
imagedata/blur/295.tif,295,1,blur
imagedata/blur/296.tif,296,1,blur
imagedata/blur/297.tif,297,1,blur
imagedata/blur/298.tif,298,1,blur
imagedata/blur/299.tif,299,1,blur
imagedata/blur/300.tif,300,1,blur
imagedata/blur/301.tif,301,1,blur
imagedata/blur/302.tif,302,1,blur
imagedata/blur/303.tif,303,1,blur
imagedata/blur/304.tif,304,1,blur
imagedata/blur/305.tif,305,1,blur
imagedata/blur/306.tif,306,1,blur
imagedata/blur/307.tif,307,1,blur
imagedata/blur/308.tif,308,1,blur
imagedata/blur/309.tif,309,1,blur
imagedata/blur/310.tif,310,1,blur
imagedata/blur/311.tif,311,1,blur
imagedata/blur/312.tif,312,1,blur
imagedata/blur/313.tif,313,1,blur
imagedata/blur/314.tif,314,1,blur
imagedata/blur/315.tif,315,1,blur
imagedata/blur/316.tif,316,1,blur
imagedata/blur/317.tif,317,1,blur
imagedata/blur/318.tif,318,1,blur
imagedata/blur/319.tif,319,1,blur
imagedata/blur/320.tif,320,1,blur
imagedata/blur/321.tif,321,1,blur
imagedata/blur/322.tif,322,1,blur
imagedata/blur/323.tif,323,1,blur
imagedata/blur/324.tif,324,1,blur
imagedata/blur/325.tif,325,1,blur
imagedata/blur/326.tif,326,1,blur
imagedata/blur/327.tif,327,1,blur
imagedata/blur/328.tif,328,1,blur
imagedata/blur/329.tif,329,1,blur
imagedata/blur/330.tif,330,1,blur
imagedata/blur/331.tif,331,1,blur
imagedata/blur/332.tif,332,1,blur
imagedata/blur/333.tif,333,1,blur
imagedata/blur/334.tif,334,1,blur
imagedata/blur/335.tif,335,1,blur
imagedata/blur/336.tif,336,1,blur
imagedata/blur/337.tif,337,1,blur
imagedata/blur/338.tif,338,1,blur
imagedata/blur/339.tif,339,1,blur
imagedata/blur/340.tif,340,1,blur
imagedata/blur/341.tif,341,1,blur
imagedata/blur/342.tif,342,1,blur
imagedata/blur/343.tif,343,1,blur
imagedata/blur/344.tif,344,1,blur
imagedata/blur/345.tif,345,1,blur
imagedata/blur/346.tif,346,1,blur
imagedata/blur/347.tif,347,1,blur
imagedata/blur/348.tif,348,1,blur
imagedata/blur/349.tif,349,1,blur
imagedata/blur/350.tif,350,1,blur
imagedata/blur/351.tif,351,1,blur
imagedata/blur/352.tif,352,1,blur
imagedata/blur/353.tif,353,1,blur
imagedata/blur/354.tif,354,1,blur
imagedata/blur/355.tif,355,1,blur
imagedata/blur/356.tif,356,1,blur
imagedata/blur/357.tif,357,1,blur
imagedata/blur/358.tif,358,1,blur
imagedata/blur/359.tif,359,1,blur
imagedata/blur/360.tif,360,1,blur
imagedata/blur/361.tif,361,1,blur
imagedata/blur/362.tif,362,1,blur
imagedata/blur/363.tif,363,1,blur
imagedata/blur/364.tif,364,1,blur
imagedata/blur/365.tif,365,1,blur
imagedata/blur/366.tif,366,1,blur
imagedata/blur/367.tif,367,1,blur
imagedata/blur/368.tif,368,1,blur
imagedata/blur/369.tif,369,1,blur
imagedata/blur/370.tif,370,1,blur
imagedata/blur/371.tif,371,1,blur
imagedata/blur/372.tif,372,1,blur
imagedata/blur/373.tif,373,1,blur
imagedata/blur/374.tif,374,1,blur
imagedata/blur/375.tif,375,1,blur
imagedata/blur/376.tif,376,1,blur
imagedata/blur/377.tif,377,1,blur
imagedata/blur/378.tif,378,1,blur
imagedata/blur/379.tif,379,1,blur
imagedata/blur/380.tif,380,1,blur
imagedata/blur/381.tif,381,1,blur
imagedata/blur/382.tif,382,1,blur
imagedata/blur/383.tif,383,1,blur
imagedata/blur/384.tif,384,1,blur
imagedata/blur/385.tif,385,1,blur
imagedata/blur/386.tif,386,1,blur
imagedata/blur/387.tif,387,1,blur
imagedata/blur/388.tif,388,1,blur
imagedata/blur/389.tif,389,1,blur
imagedata/blur/390.tif,390,1,blur
imagedata/blur/391.tif,391,1,blur
imagedata/blur/392.tif,392,1,blur
imagedata/blur/393.tif,393,1,blur
imagedata/blur/394.tif,394,1,blur
imagedata/blur/395.tif,395,1,blur
imagedata/blur/396.tif,396,1,blur
imagedata/blur/397.tif,397,1,blur
imagedata/blur/398.tif,398,1,blur
imagedata/blur/399.tif,399,1,blur
imagedata/blur/400.tif,400,1,blur
imagedata/blur/401.tif,401,1,blur
imagedata/blur/402.tif,402,1,blur
imagedata/blur/403.tif,403,1,blur
imagedata/blur/404.tif,404,1,blur
imagedata/blur/405.tif,405,1,blur
imagedata/blur/406.tif,406,1,blur
imagedata/blur/407.tif,407,1,blur
imagedata/blur/408.tif,408,1,blur
imagedata/blur/409.tif,409,1,blur
imagedata/blur/410.tif,410,1,blur
imagedata/blur/411.tif,411,1,blur
imagedata/blur/412.tif,412,1,blur
imagedata/blur/413.tif,413,1,blur
imagedata/blur/414.tif,414,1,blur
imagedata/blur/415.tif,415,1,blur
imagedata/blur/416.tif,416,1,blur
imagedata/blur/417.tif,417,1,blur
imagedata/blur/418.tif,418,1,blur
imagedata/blur/419.tif,419,1,blur
imagedata/blur/420.tif,420,1,blur
imagedata/blur/421.tif,421,1,blur
imagedata/blur/422.tif,422,1,blur
imagedata/blur/423.tif,423,1,blur
imagedata/blur/424.tif,424,1,blur
imagedata/blur/425.tif,425,1,blur
imagedata/blur/426.tif,426,1,blur
imagedata/blur/427.tif,427,1,blur
imagedata/blur/428.tif,428,1,blur
imagedata/blur/429.tif,429,1,blur
imagedata/blur/430.tif,430,1,blur
imagedata/blur/431.tif,431,1,blur
imagedata/blur/432.tif,432,1,blur
imagedata/blur/433.tif,433,1,blur
imagedata/blur/434.tif,434,1,blur
imagedata/blur/435.tif,435,1,blur
imagedata/blur/436.tif,436,1,blur
imagedata/blur/437.tif,437,1,blur
imagedata/blur/438.tif,438,1,blur
imagedata/blur/439.tif,439,1,blur
imagedata/blur/440.tif,440,1,blur
imagedata/blur/441.tif,441,1,blur
imagedata/blur/442.tif,442,1,blur
imagedata/blur/443.tif,443,1,blur
imagedata/blur/444.tif,444,1,blur
imagedata/blur/445.tif,445,1,blur
imagedata/blur/446.tif,446,1,blur
imagedata/blur/447.tif,447,1,blur
imagedata/blur/448.tif,448,1,blur
imagedata/blur/449.tif,449,1,blur
imagedata/blur/450.tif,450,1,blur
imagedata/blur/451.tif,451,1,blur
imagedata/blur/452.tif,452,1,blur
imagedata/blur/453.tif,453,1,blur
imagedata/blur/454.tif,454,1,blur
imagedata/blur/455.tif,455,1,blur
imagedata/blur/456.tif,456,1,blur
imagedata/blur/457.tif,457,1,blur
imagedata/blur/458.tif,458,1,blur
imagedata/blur/459.tif,459,1,blur
imagedata/blur/460.tif,460,1,blur
imagedata/blur/461.tif,461,1,blur
imagedata/blur/462.tif,462,1,blur
imagedata/blur/463.tif,463,1,blur
imagedata/blur/464.tif,464,1,blur
imagedata/blur/465.tif,465,1,blur
imagedata/blur/466.tif,466,1,blur
imagedata/blur/467.tif,467,1,blur
imagedata/blur/468.tif,468,1,blur
imagedata/blur/469.tif,469,1,blur
imagedata/blur/470.tif,470,1,blur
imagedata/blur/471.tif,471,1,blur
imagedata/blur/472.tif,472,1,blur
imagedata/blur/473.tif,473,1,blur
imagedata/blur/474.tif,474,1,blur
imagedata/blur/475.tif,475,1,blur
imagedata/blur/476.tif,476,1,blur
imagedata/blur/477.tif,477,1,blur
imagedata/blur/478.tif,478,1,blur
imagedata/blur/479.tif,479,1,blur
imagedata/blur/480.tif,480,1,blur
imagedata/blur/481.tif,481,1,blur
imagedata/blur/482.tif,482,1,blur
imagedata/blur/483.tif,483,1,blur
imagedata/blur/484.tif,484,1,blur
imagedata/blur/485.tif,485,1,blur
imagedata/blur/486.tif,486,1,blur
imagedata/blur/487.tif,487,1,blur
imagedata/blur/488.tif,488,1,blur
imagedata/blur/489.tif,489,1,blur
imagedata/blur/490.tif,490,1,blur
imagedata/blur/491.tif,491,1,blur
imagedata/blur/492.tif,492,1,blur
imagedata/blur/493.tif,493,1,blur
imagedata/blur/494.tif,494,1,blur
imagedata/blur/495.tif,495,1,blur
imagedata/blur/496.tif,496,1,blur
imagedata/blur/497.tif,497,1,blur
imagedata/blur/498.tif,498,1,blur
imagedata/blur/499.tif,499,1,blur
imagedata/blur/500.tif,500,1,blur
imagedata/surface_charge/1.tif,1,2,surface_charge
imagedata/surface_charge/2.tif,2,2,surface_charge
imagedata/surface_charge/3.tif,3,2,surface_charge
imagedata/surface_charge/4.tif,4,2,surface_charge
imagedata/surface_charge/5.tif,5,2,surface_charge
imagedata/surface_charge/6.tif,6,2,surface_charge
imagedata/surface_charge/7.tif,7,2,surface_charge
imagedata/surface_charge/8.tif,8,2,surface_charge
imagedata/surface_charge/9.tif,9,2,surface_charge
imagedata/surface_charge/10.tif,10,2,surface_charge
imagedata/surface_charge/11.tif,11,2,surface_charge
imagedata/surface_charge/12.tif,12,2,surface_charge
imagedata/surface_charge/13.tif,13,2,surface_charge
imagedata/surface_charge/14.tif,14,2,surface_charge
imagedata/surface_charge/15.tif,15,2,surface_charge
imagedata/surface_charge/16.tif,16,2,surface_charge
imagedata/surface_charge/17.tif,17,2,surface_charge
imagedata/surface_charge/18.tif,18,2,surface_charge
imagedata/surface_charge/19.tif,19,2,surface_charge
imagedata/surface_charge/20.tif,20,2,surface_charge
imagedata/surface_charge/21.tif,21,2,surface_charge
imagedata/surface_charge/22.tif,22,2,surface_charge
imagedata/surface_charge/23.tif,23,2,surface_charge
imagedata/surface_charge/24.tif,24,2,surface_charge
imagedata/surface_charge/25.tif,25,2,surface_charge
imagedata/surface_charge/26.tif,26,2,surface_charge
imagedata/surface_charge/27.tif,27,2,surface_charge
imagedata/surface_charge/28.tif,28,2,surface_charge
imagedata/surface_charge/29.tif,29,2,surface_charge
imagedata/surface_charge/30.tif,30,2,surface_charge
imagedata/surface_charge/31.tif,31,2,surface_charge
imagedata/surface_charge/32.tif,32,2,surface_charge
imagedata/surface_charge/33.tif,33,2,surface_charge
imagedata/surface_charge/34.tif,34,2,surface_charge
imagedata/surface_charge/35.tif,35,2,surface_charge
imagedata/surface_charge/36.tif,36,2,surface_charge
imagedata/surface_charge/37.tif,37,2,surface_charge
imagedata/surface_charge/38.tif,38,2,surface_charge
imagedata/surface_charge/39.tif,39,2,surface_charge
imagedata/surface_charge/40.tif,40,2,surface_charge
imagedata/surface_charge/41.tif,41,2,surface_charge
imagedata/surface_charge/42.tif,42,2,surface_charge
imagedata/surface_charge/43.tif,43,2,surface_charge
imagedata/surface_charge/44.tif,44,2,surface_charge
imagedata/surface_charge/45.tif,45,2,surface_charge
imagedata/surface_charge/46.tif,46,2,surface_charge
imagedata/surface_charge/47.tif,47,2,surface_charge
imagedata/surface_charge/48.tif,48,2,surface_charge
imagedata/surface_charge/49.tif,49,2,surface_charge
imagedata/surface_charge/50.tif,50,2,surface_charge
imagedata/surface_charge/51.tif,51,2,surface_charge
imagedata/surface_charge/52.tif,52,2,surface_charge
imagedata/surface_charge/53.tif,53,2,surface_charge
imagedata/surface_charge/54.tif,54,2,surface_charge
imagedata/surface_charge/55.tif,55,2,surface_charge
imagedata/surface_charge/56.tif,56,2,surface_charge
imagedata/surface_charge/57.tif,57,2,surface_charge
imagedata/surface_charge/58.tif,58,2,surface_charge
imagedata/surface_charge/59.tif,59,2,surface_charge
imagedata/surface_charge/60.tif,60,2,surface_charge
imagedata/surface_charge/61.tif,61,2,surface_charge
imagedata/surface_charge/62.tif,62,2,surface_charge
imagedata/surface_charge/63.tif,63,2,surface_charge
imagedata/surface_charge/64.tif,64,2,surface_charge
imagedata/surface_charge/65.tif,65,2,surface_charge
imagedata/surface_charge/66.tif,66,2,surface_charge
imagedata/surface_charge/67.tif,67,2,surface_charge
imagedata/surface_charge/68.tif,68,2,surface_charge
imagedata/surface_charge/69.tif,69,2,surface_charge
imagedata/surface_charge/70.tif,70,2,surface_charge
imagedata/surface_charge/71.tif,71,2,surface_charge
imagedata/surface_charge/72.tif,72,2,surface_charge
imagedata/surface_charge/73.tif,73,2,surface_charge
imagedata/surface_charge/74.tif,74,2,surface_charge
imagedata/surface_charge/75.tif,75,2,surface_charge
imagedata/surface_charge/76.tif,76,2,surface_charge
imagedata/surface_charge/77.tif,77,2,surface_charge
imagedata/surface_charge/78.tif,78,2,surface_charge
imagedata/surface_charge/79.tif,79,2,surface_charge
imagedata/surface_charge/80.tif,80,2,surface_charge
imagedata/surface_charge/81.tif,81,2,surface_charge
imagedata/surface_charge/82.tif,82,2,surface_charge
imagedata/surface_charge/83.tif,83,2,surface_charge
imagedata/surface_charge/84.tif,84,2,surface_charge
imagedata/surface_charge/85.tif,85,2,surface_charge
imagedata/surface_charge/86.tif,86,2,surface_charge
imagedata/surface_charge/87.tif,87,2,surface_charge
imagedata/surface_charge/88.tif,88,2,surface_charge
imagedata/surface_charge/89.tif,89,2,surface_charge
imagedata/surface_charge/90.tif,90,2,surface_charge
imagedata/surface_charge/91.tif,91,2,surface_charge
imagedata/surface_charge/92.tif,92,2,surface_charge
imagedata/surface_charge/93.tif,93,2,surface_charge
imagedata/surface_charge/94.tif,94,2,surface_charge
imagedata/surface_charge/95.tif,95,2,surface_charge
imagedata/surface_charge/96.tif,96,2,surface_charge
imagedata/surface_charge/97.tif,97,2,surface_charge
imagedata/surface_charge/98.tif,98,2,surface_charge
imagedata/surface_charge/99.tif,99,2,surface_charge
imagedata/surface_charge/100.tif,100,2,surface_charge
imagedata/surface_charge/101.tif,101,2,surface_charge
imagedata/surface_charge/102.tif,102,2,surface_charge
imagedata/surface_charge/103.tif,103,2,surface_charge
imagedata/surface_charge/104.tif,104,2,surface_charge
imagedata/surface_charge/105.tif,105,2,surface_charge
imagedata/surface_charge/106.tif,106,2,surface_charge
imagedata/surface_charge/107.tif,107,2,surface_charge
imagedata/surface_charge/108.tif,108,2,surface_charge
imagedata/surface_charge/109.tif,109,2,surface_charge
imagedata/surface_charge/110.tif,110,2,surface_charge
imagedata/surface_charge/111.tif,111,2,surface_charge
imagedata/surface_charge/112.tif,112,2,surface_charge
imagedata/surface_charge/113.tif,113,2,surface_charge
imagedata/surface_charge/114.tif,114,2,surface_charge
imagedata/surface_charge/115.tif,115,2,surface_charge
imagedata/surface_charge/116.tif,116,2,surface_charge
imagedata/surface_charge/117.tif,117,2,surface_charge
imagedata/surface_charge/118.tif,118,2,surface_charge
imagedata/surface_charge/119.tif,119,2,surface_charge
imagedata/surface_charge/120.tif,120,2,surface_charge
imagedata/surface_charge/121.tif,121,2,surface_charge
imagedata/surface_charge/122.tif,122,2,surface_charge
imagedata/surface_charge/123.tif,123,2,surface_charge
imagedata/surface_charge/124.tif,124,2,surface_charge
imagedata/surface_charge/125.tif,125,2,surface_charge
imagedata/surface_charge/126.tif,126,2,surface_charge
imagedata/surface_charge/127.tif,127,2,surface_charge
imagedata/surface_charge/128.tif,128,2,surface_charge
imagedata/surface_charge/129.tif,129,2,surface_charge
imagedata/surface_charge/130.tif,130,2,surface_charge
imagedata/surface_charge/131.tif,131,2,surface_charge
imagedata/surface_charge/132.tif,132,2,surface_charge
imagedata/surface_charge/133.tif,133,2,surface_charge
imagedata/surface_charge/134.tif,134,2,surface_charge
imagedata/surface_charge/135.tif,135,2,surface_charge
imagedata/surface_charge/136.tif,136,2,surface_charge
imagedata/surface_charge/137.tif,137,2,surface_charge
imagedata/surface_charge/138.tif,138,2,surface_charge
imagedata/surface_charge/139.tif,139,2,surface_charge
imagedata/surface_charge/140.tif,140,2,surface_charge
imagedata/surface_charge/141.tif,141,2,surface_charge
imagedata/surface_charge/142.tif,142,2,surface_charge
imagedata/surface_charge/143.tif,143,2,surface_charge
imagedata/surface_charge/144.tif,144,2,surface_charge
imagedata/surface_charge/145.tif,145,2,surface_charge
imagedata/surface_charge/146.tif,146,2,surface_charge
imagedata/surface_charge/147.tif,147,2,surface_charge
imagedata/surface_charge/148.tif,148,2,surface_charge
imagedata/surface_charge/149.tif,149,2,surface_charge
imagedata/surface_charge/150.tif,150,2,surface_charge
imagedata/surface_charge/151.tif,151,2,surface_charge
imagedata/surface_charge/152.tif,152,2,surface_charge
imagedata/surface_charge/153.tif,153,2,surface_charge
imagedata/surface_charge/154.tif,154,2,surface_charge
imagedata/surface_charge/155.tif,155,2,surface_charge
imagedata/surface_charge/156.tif,156,2,surface_charge
imagedata/surface_charge/157.tif,157,2,surface_charge
imagedata/surface_charge/158.tif,158,2,surface_charge
imagedata/surface_charge/159.tif,159,2,surface_charge
imagedata/surface_charge/160.tif,160,2,surface_charge
imagedata/surface_charge/161.tif,161,2,surface_charge
imagedata/surface_charge/162.tif,162,2,surface_charge
imagedata/surface_charge/163.tif,163,2,surface_charge
imagedata/surface_charge/164.tif,164,2,surface_charge
imagedata/surface_charge/165.tif,165,2,surface_charge
imagedata/surface_charge/166.tif,166,2,surface_charge
imagedata/surface_charge/167.tif,167,2,surface_charge
imagedata/surface_charge/168.tif,168,2,surface_charge
imagedata/surface_charge/169.tif,169,2,surface_charge
imagedata/surface_charge/170.tif,170,2,surface_charge
imagedata/surface_charge/171.tif,171,2,surface_charge
imagedata/surface_charge/172.tif,172,2,surface_charge
imagedata/surface_charge/173.tif,173,2,surface_charge
imagedata/surface_charge/174.tif,174,2,surface_charge
imagedata/surface_charge/175.tif,175,2,surface_charge
imagedata/surface_charge/176.tif,176,2,surface_charge
imagedata/surface_charge/177.tif,177,2,surface_charge
imagedata/surface_charge/178.tif,178,2,surface_charge
imagedata/surface_charge/179.tif,179,2,surface_charge
imagedata/surface_charge/180.tif,180,2,surface_charge
imagedata/surface_charge/181.tif,181,2,surface_charge
imagedata/surface_charge/182.tif,182,2,surface_charge
imagedata/surface_charge/183.tif,183,2,surface_charge
imagedata/surface_charge/184.tif,184,2,surface_charge
imagedata/surface_charge/185.tif,185,2,surface_charge
imagedata/surface_charge/186.tif,186,2,surface_charge
imagedata/surface_charge/187.tif,187,2,surface_charge
imagedata/surface_charge/188.tif,188,2,surface_charge
imagedata/surface_charge/189.tif,189,2,surface_charge
imagedata/surface_charge/190.tif,190,2,surface_charge
imagedata/surface_charge/191.tif,191,2,surface_charge
imagedata/surface_charge/192.tif,192,2,surface_charge
imagedata/surface_charge/193.tif,193,2,surface_charge
imagedata/surface_charge/194.tif,194,2,surface_charge
imagedata/surface_charge/195.tif,195,2,surface_charge
imagedata/surface_charge/196.tif,196,2,surface_charge
imagedata/surface_charge/197.tif,197,2,surface_charge
imagedata/surface_charge/198.tif,198,2,surface_charge
imagedata/surface_charge/199.tif,199,2,surface_charge
imagedata/surface_charge/200.tif,200,2,surface_charge
imagedata/surface_charge/201.tif,201,2,surface_charge
imagedata/surface_charge/202.tif,202,2,surface_charge
imagedata/surface_charge/203.tif,203,2,surface_charge
imagedata/surface_charge/204.tif,204,2,surface_charge
imagedata/surface_charge/205.tif,205,2,surface_charge
imagedata/surface_charge/206.tif,206,2,surface_charge
imagedata/surface_charge/207.tif,207,2,surface_charge
imagedata/surface_charge/208.tif,208,2,surface_charge
imagedata/surface_charge/209.tif,209,2,surface_charge
imagedata/surface_charge/210.tif,210,2,surface_charge
imagedata/surface_charge/211.tif,211,2,surface_charge
imagedata/surface_charge/212.tif,212,2,surface_charge
imagedata/surface_charge/213.tif,213,2,surface_charge
imagedata/surface_charge/214.tif,214,2,surface_charge
imagedata/surface_charge/215.tif,215,2,surface_charge
imagedata/surface_charge/216.tif,216,2,surface_charge
imagedata/surface_charge/217.tif,217,2,surface_charge
imagedata/surface_charge/218.tif,218,2,surface_charge
imagedata/surface_charge/219.tif,219,2,surface_charge
imagedata/surface_charge/220.tif,220,2,surface_charge
imagedata/surface_charge/221.tif,221,2,surface_charge
imagedata/surface_charge/222.tif,222,2,surface_charge
imagedata/surface_charge/223.tif,223,2,surface_charge
imagedata/surface_charge/224.tif,224,2,surface_charge
imagedata/surface_charge/225.tif,225,2,surface_charge
imagedata/surface_charge/226.tif,226,2,surface_charge
imagedata/surface_charge/227.tif,227,2,surface_charge
imagedata/surface_charge/228.tif,228,2,surface_charge
imagedata/surface_charge/229.tif,229,2,surface_charge
imagedata/surface_charge/230.tif,230,2,surface_charge
imagedata/surface_charge/231.tif,231,2,surface_charge
imagedata/surface_charge/232.tif,232,2,surface_charge
imagedata/surface_charge/233.tif,233,2,surface_charge
imagedata/surface_charge/234.tif,234,2,surface_charge
imagedata/surface_charge/235.tif,235,2,surface_charge
imagedata/surface_charge/236.tif,236,2,surface_charge
imagedata/surface_charge/237.tif,237,2,surface_charge
imagedata/surface_charge/238.tif,238,2,surface_charge
imagedata/surface_charge/239.tif,239,2,surface_charge
imagedata/surface_charge/240.tif,240,2,surface_charge
imagedata/surface_charge/241.tif,241,2,surface_charge
imagedata/surface_charge/242.tif,242,2,surface_charge
imagedata/surface_charge/243.tif,243,2,surface_charge
imagedata/surface_charge/244.tif,244,2,surface_charge
imagedata/surface_charge/245.tif,245,2,surface_charge
imagedata/surface_charge/246.tif,246,2,surface_charge
imagedata/surface_charge/247.tif,247,2,surface_charge
imagedata/surface_charge/248.tif,248,2,surface_charge
imagedata/surface_charge/249.tif,249,2,surface_charge
imagedata/surface_charge/250.tif,250,2,surface_charge
imagedata/surface_charge/251.tif,251,2,surface_charge
imagedata/surface_charge/252.tif,252,2,surface_charge
imagedata/surface_charge/253.tif,253,2,surface_charge
imagedata/surface_charge/254.tif,254,2,surface_charge
imagedata/surface_charge/255.tif,255,2,surface_charge
imagedata/surface_charge/256.tif,256,2,surface_charge
imagedata/surface_charge/257.tif,257,2,surface_charge
imagedata/surface_charge/258.tif,258,2,surface_charge
imagedata/surface_charge/259.tif,259,2,surface_charge
imagedata/surface_charge/260.tif,260,2,surface_charge
imagedata/surface_charge/261.tif,261,2,surface_charge
imagedata/surface_charge/262.tif,262,2,surface_charge
imagedata/surface_charge/263.tif,263,2,surface_charge
imagedata/surface_charge/264.tif,264,2,surface_charge
imagedata/surface_charge/265.tif,265,2,surface_charge
imagedata/surface_charge/266.tif,266,2,surface_charge
imagedata/surface_charge/267.tif,267,2,surface_charge
imagedata/surface_charge/268.tif,268,2,surface_charge
imagedata/surface_charge/269.tif,269,2,surface_charge
imagedata/surface_charge/270.tif,270,2,surface_charge
imagedata/surface_charge/271.tif,271,2,surface_charge
imagedata/surface_charge/272.tif,272,2,surface_charge
imagedata/surface_charge/273.tif,273,2,surface_charge
imagedata/surface_charge/274.tif,274,2,surface_charge
imagedata/surface_charge/275.tif,275,2,surface_charge
imagedata/surface_charge/276.tif,276,2,surface_charge
imagedata/surface_charge/277.tif,277,2,surface_charge
imagedata/surface_charge/278.tif,278,2,surface_charge
imagedata/surface_charge/279.tif,279,2,surface_charge
imagedata/surface_charge/280.tif,280,2,surface_charge
imagedata/surface_charge/281.tif,281,2,surface_charge
imagedata/surface_charge/282.tif,282,2,surface_charge
imagedata/surface_charge/283.tif,283,2,surface_charge
imagedata/surface_charge/284.tif,284,2,surface_charge
imagedata/surface_charge/285.tif,285,2,surface_charge
imagedata/surface_charge/286.tif,286,2,surface_charge
imagedata/surface_charge/287.tif,287,2,surface_charge
imagedata/surface_charge/288.tif,288,2,surface_charge
imagedata/surface_charge/289.tif,289,2,surface_charge
imagedata/surface_charge/290.tif,290,2,surface_charge
imagedata/surface_charge/291.tif,291,2,surface_charge
imagedata/surface_charge/292.tif,292,2,surface_charge
imagedata/surface_charge/293.tif,293,2,surface_charge
imagedata/surface_charge/294.tif,294,2,surface_charge
imagedata/surface_charge/295.tif,295,2,surface_charge
imagedata/surface_charge/296.tif,296,2,surface_charge
imagedata/surface_charge/297.tif,297,2,surface_charge
imagedata/surface_charge/298.tif,298,2,surface_charge
imagedata/surface_charge/299.tif,299,2,surface_charge
imagedata/surface_charge/300.tif,300,2,surface_charge
imagedata/surface_charge/301.tif,301,2,surface_charge
imagedata/surface_charge/302.tif,302,2,surface_charge
imagedata/surface_charge/303.tif,303,2,surface_charge
imagedata/surface_charge/304.tif,304,2,surface_charge
imagedata/surface_charge/305.tif,305,2,surface_charge
imagedata/surface_charge/306.tif,306,2,surface_charge
imagedata/surface_charge/307.tif,307,2,surface_charge
imagedata/surface_charge/308.tif,308,2,surface_charge
imagedata/surface_charge/309.tif,309,2,surface_charge
imagedata/surface_charge/310.tif,310,2,surface_charge
imagedata/surface_charge/311.tif,311,2,surface_charge
imagedata/surface_charge/312.tif,312,2,surface_charge
imagedata/surface_charge/313.tif,313,2,surface_charge
imagedata/surface_charge/314.tif,314,2,surface_charge
imagedata/surface_charge/315.tif,315,2,surface_charge
imagedata/surface_charge/316.tif,316,2,surface_charge
imagedata/surface_charge/317.tif,317,2,surface_charge
imagedata/surface_charge/318.tif,318,2,surface_charge
imagedata/surface_charge/319.tif,319,2,surface_charge
imagedata/surface_charge/320.tif,320,2,surface_charge
imagedata/surface_charge/321.tif,321,2,surface_charge
imagedata/surface_charge/322.tif,322,2,surface_charge
imagedata/surface_charge/323.tif,323,2,surface_charge
imagedata/surface_charge/324.tif,324,2,surface_charge
imagedata/surface_charge/325.tif,325,2,surface_charge
imagedata/surface_charge/326.tif,326,2,surface_charge
imagedata/surface_charge/327.tif,327,2,surface_charge
imagedata/surface_charge/328.tif,328,2,surface_charge
imagedata/surface_charge/329.tif,329,2,surface_charge
imagedata/surface_charge/330.tif,330,2,surface_charge
imagedata/surface_charge/331.tif,331,2,surface_charge
imagedata/surface_charge/332.tif,332,2,surface_charge
imagedata/surface_charge/333.tif,333,2,surface_charge
imagedata/surface_charge/334.tif,334,2,surface_charge
imagedata/surface_charge/335.tif,335,2,surface_charge
imagedata/surface_charge/336.tif,336,2,surface_charge
imagedata/surface_charge/337.tif,337,2,surface_charge
imagedata/surface_charge/338.tif,338,2,surface_charge
imagedata/surface_charge/339.tif,339,2,surface_charge
imagedata/surface_charge/340.tif,340,2,surface_charge
imagedata/surface_charge/341.tif,341,2,surface_charge
imagedata/surface_charge/342.tif,342,2,surface_charge
imagedata/surface_charge/343.tif,343,2,surface_charge
imagedata/surface_charge/344.tif,344,2,surface_charge
imagedata/surface_charge/345.tif,345,2,surface_charge
imagedata/surface_charge/346.tif,346,2,surface_charge
imagedata/surface_charge/347.tif,347,2,surface_charge
imagedata/surface_charge/348.tif,348,2,surface_charge
imagedata/surface_charge/349.tif,349,2,surface_charge
imagedata/surface_charge/350.tif,350,2,surface_charge
imagedata/surface_charge/351.tif,351,2,surface_charge
imagedata/surface_charge/352.tif,352,2,surface_charge
imagedata/surface_charge/353.tif,353,2,surface_charge
imagedata/surface_charge/354.tif,354,2,surface_charge
imagedata/surface_charge/355.tif,355,2,surface_charge
imagedata/surface_charge/356.tif,356,2,surface_charge
imagedata/surface_charge/357.tif,357,2,surface_charge
imagedata/surface_charge/358.tif,358,2,surface_charge
imagedata/surface_charge/359.tif,359,2,surface_charge
imagedata/surface_charge/360.tif,360,2,surface_charge
imagedata/surface_charge/361.tif,361,2,surface_charge
imagedata/surface_charge/362.tif,362,2,surface_charge
imagedata/surface_charge/363.tif,363,2,surface_charge
imagedata/surface_charge/364.tif,364,2,surface_charge
imagedata/surface_charge/365.tif,365,2,surface_charge
imagedata/surface_charge/366.tif,366,2,surface_charge
imagedata/surface_charge/367.tif,367,2,surface_charge
imagedata/surface_charge/368.tif,368,2,surface_charge
imagedata/surface_charge/369.tif,369,2,surface_charge
imagedata/surface_charge/370.tif,370,2,surface_charge
imagedata/surface_charge/371.tif,371,2,surface_charge
imagedata/surface_charge/372.tif,372,2,surface_charge
imagedata/surface_charge/373.tif,373,2,surface_charge
imagedata/surface_charge/374.tif,374,2,surface_charge
imagedata/surface_charge/375.tif,375,2,surface_charge
imagedata/surface_charge/376.tif,376,2,surface_charge
imagedata/surface_charge/377.tif,377,2,surface_charge
imagedata/surface_charge/378.tif,378,2,surface_charge
imagedata/surface_charge/379.tif,379,2,surface_charge
imagedata/surface_charge/380.tif,380,2,surface_charge
imagedata/surface_charge/381.tif,381,2,surface_charge
imagedata/surface_charge/382.tif,382,2,surface_charge
imagedata/surface_charge/383.tif,383,2,surface_charge
imagedata/surface_charge/384.tif,384,2,surface_charge
imagedata/surface_charge/385.tif,385,2,surface_charge
imagedata/surface_charge/386.tif,386,2,surface_charge
imagedata/surface_charge/387.tif,387,2,surface_charge
imagedata/surface_charge/388.tif,388,2,surface_charge
imagedata/surface_charge/389.tif,389,2,surface_charge
imagedata/surface_charge/390.tif,390,2,surface_charge
imagedata/surface_charge/391.tif,391,2,surface_charge
imagedata/surface_charge/392.tif,392,2,surface_charge
imagedata/surface_charge/393.tif,393,2,surface_charge
imagedata/surface_charge/394.tif,394,2,surface_charge
imagedata/surface_charge/395.tif,395,2,surface_charge
imagedata/surface_charge/396.tif,396,2,surface_charge
imagedata/surface_charge/397.tif,397,2,surface_charge
imagedata/surface_charge/398.tif,398,2,surface_charge
imagedata/surface_charge/399.tif,399,2,surface_charge
imagedata/surface_charge/400.tif,400,2,surface_charge
